,Zip Code,Residential Units,Commercial Units,Total Units,Land Square Feet,Gross Square Feet,Year Built,Tax Class At Time Of Sale,Sale Price,X Coordinate,Y Coordinate,Building Class Category,Address,Borough,Neighborhood
0,0,1.025,0.15,1.175,2525.625,603.325,1994.525,1.825,1866196.425,-73.498902,42.6713622,13 Condos - Elevator Apartments            ,2 River Terrace,Manhattan,Tribeca
1,10001,0.25,0.21739130434782608,0.4782608695652174,111.43478260869566,962.0108695652174,1946.804347826087,2.0869565217391304,1268599.641304348,-74.0060152,40.7127281,10 Coops - Elevator Apartments             ,540 West 28Th Street,Manhattan,Chelsea
2,10002,0.34196891191709844,0.031088082901554404,0.41450777202072536,48.95854922279793,178.14507772020724,1952.0984455958549,2.1036269430051813,982696.1606217617,-74.0060152,40.7127281,10 Coops - Elevator Apartments             ,77 Bowery,Manhattan,Lower East Side
3,10003,0.24404761904761904,0.011904761904761904,0.25793650793650796,37.01587301587302,177.984126984127,1944.9484126984128,2.003968253968254,1386192.3511904762,-74.0060152,40.7127281,10 Coops - Elevator Apartments             ,1 Irving Place,Manhattan,Greenwich Village-Central
4,10004,0.7647058823529411,0.0,0.7647058823529411,0.0,0.0,1965.4411764705883,2.0,1285941.2352941176,-74.0060152,40.7127281,13 Condos - Elevator Apartments            ,30 Little West Street,Manhattan,Financial
5,10005,0.9745222929936306,0.1464968152866242,1.1210191082802548,175.79617834394904,3610.56050955414,1962.7707006369426,2.0127388535031847,1593092.210191083,-74.0060152,40.7127281,13 Condos - Elevator Apartments            ,15 William Street,Manhattan,Financial
6,10006,0.9928571428571429,0.0,1.0,0.0,0.0,1994.6,2.0142857142857142,2321054.8714285716,-74.0060152,40.7127281,13 Condos - Elevator Apartments            ,50 West Street,Manhattan,Financial
7,10007,0.9550561797752809,0.0,0.9775280898876404,0.0,0.0,1965.5842696629213,2.044943820224719,2872541.6516853934,-74.0060152,40.7127281,13 Condos - Elevator Apartments            ,140 West Street,Manhattan,Tribeca
8,10009,0.6598639455782312,0.04081632653061224,0.7006802721088435,66.25170068027211,170.33333333333334,1954.1972789115646,2.006802721088435,1183021.925170068,-74.0060152,40.7127281,13 Condos - Elevator Apartments            ,100 Avenue A,Manhattan,Alphabet City
9,10010,0.496875,0.109375,0.60625,40.5,690.846875,1955.365625,2.003125,1490135.39375,-74.0060152,40.7127281,13 Condos - Elevator Apartments            ,385 1 Avenue,Manhattan,Gramercy
10,10011,0.4954128440366973,0.0061162079510703364,0.5045871559633027,37.83639143730887,208.56422018348624,1952.940366972477,2.003058103975535,1483112.6376146788,-74.0060152,40.7127281,10 Coops - Elevator Apartments             ,55 West 17Th   Street,Manhattan,Chelsea
11,10012,0.2603550295857988,0.005917159763313609,0.2781065088757396,0.0,0.0,1921.3846153846155,2.0236686390532546,1599282.8816568048,-74.0060152,40.7127281,10 Coops - Elevator Apartments             ,184 Thompson Street,Manhattan,Greenwich Village-Central
12,10013,0.7,0.06521739130434782,0.8391304347826087,35.278260869565216,123.78260869565217,1948.0826086956522,2.1826086956521737,2835503.3304347824,-74.0060152,40.7127281,13 Condos - Elevator Apartments            ,56 Leonard Street,Manhattan,Soho
13,10014,0.2508710801393728,0.0,0.2578397212543554,17.829268292682926,41.15679442508711,1932.8327526132405,2.0,1266122.6271777004,-74.0060152,40.7127281,10 Coops - Elevator Apartments             ,421 Hudson Street,Manhattan,Greenwich Village-West
14,10016,0.6593591905564924,0.003372681281618887,0.6711635750421585,32.29173693086003,242.3406408094435,1959.7065767284992,2.0134907251264758,1045604.9898819561,-74.0060152,40.7127281,10 Coops - Elevator Apartments             ,88 Lexington Avenue,Manhattan,Murray Hill
15,10017,0.5546218487394958,0.0,0.5910364145658263,21.095238095238095,168.187675070028,1949.501400560224,2.0728291316526612,854274.7086834734,-74.0060152,40.7127281,10 Coops - Elevator Apartments             ,100 United Nations Plaza,Manhattan,Midtown East
16,10018,0.9411764705882353,0.38235294117647056,1.3529411764705883,217.8235294117647,1858.6176470588234,1978.8235294117646,2.1176470588235294,1712268.9411764706,-74.0060152,40.7127281,13 Condos - Elevator Apartments            ,100 West 39Th   Street,Manhattan,Fashion
17,10019,0.5980392156862745,0.1895424836601307,0.8398692810457516,705.6111111111111,10511.088235294117,1963.4656862745098,2.2941176470588234,1115543.9428104574,-74.0060152,40.7127281,13 Condos - Elevator Apartments            ,416 West 52Nd Street,Manhattan,Midtown West
18,10021,0.8745247148288974,0.009505703422053232,0.8878326996197718,71.88973384030419,750.9828897338404,1956.6045627376425,2.005703422053232,1266898.114068441,-74.0060152,40.7127281,10 Coops - Elevator Apartments             ,200 East 69Th   Street,Manhattan,Upper East Side (59-79)
19,10022,0.3584905660377358,0.005805515239477504,0.3788098693759071,23.925979680696663,32.113207547169814,1964.731494920174,2.0333817126269955,1408588.9941944848,-74.0060152,40.7127281,10 Coops - Elevator Apartments             ,959 1 Avenue,Manhattan,Midtown East
20,10023,0.9984025559105432,0.01597444089456869,1.0175718849840256,81.43290734824281,1043.031948881789,1948.1389776357828,2.0063897763578273,1253474.1261980832,-74.0060152,40.7127281,10 Coops - Elevator Apartments             ,25 Central Park West,Manhattan,Upper West Side (59-79)
21,10024,0.75,0.005813953488372093,0.7596899224806202,115.35658914728683,1449.358527131783,1929.0096899224807,2.007751937984496,1457466.269379845,-74.0060152,40.7127281,10 Coops - Elevator Apartments             ,2211 Broadway,Manhattan,Upper West Side (79-96)
22,10025,0.4962962962962963,0.005555555555555556,0.5092592592592593,34.94259259259259,114.76666666666667,1930.9277777777777,2.0148148148148146,1221517.348148148,-74.0060152,40.7127281,10 Coops - Elevator Apartments             ,400 Central Park West,Manhattan,Upper West Side (96-116)
23,10026,1.213235294117647,0.029411764705882353,1.25,209.27205882352942,505.69117647058823,1953.0367647058824,1.963235294117647,1140178.1544117648,-74.0060152,40.7127281,13 Condos - Elevator Apartments            ,2094 Fredrick Douglass Bl,Manhattan,Harlem-Central
24,10027,1.2490566037735849,0.026415094339622643,1.2830188679245282,306.2792452830189,582.822641509434,1969.5735849056605,2.0037735849056606,976672.3962264151,-74.0060152,40.7127281,13 Condos - Elevator Apartments            ,171 West 131 Street,Manhattan,Harlem-Central
25,10028,0.25,0.0026041666666666665,0.2552083333333333,12.505208333333334,42.723958333333336,1952.0911458333333,2.0052083333333335,1347994.0104166667,-74.0060152,40.7127281,10 Coops - Elevator Apartments             ,350 East 82Nd   Street,Manhattan,Upper East Side (79-96)
26,10029,3.2138364779874213,0.0880503144654088,3.308176100628931,677.8050314465409,2126.327044025157,1962.5849056603774,2.0125786163522013,1221898.5094339622,-74.0060152,40.7127281,13 Condos - Elevator Apartments            ,194 East 101 Street,Manhattan,Harlem-East
27,10030,2.537037037037037,0.018518518518518517,2.5555555555555554,1071.2222222222222,1540.5,1938.3148148148148,1.7962962962962963,1212429.2222222222,-73.943105380669,40.81806460477859,13 Condos - Elevator Apartments            ,300 West 135 Street,Manhattan,Harlem-Central
28,10031,1.5166666666666666,0.09166666666666666,1.6,829.4,2034.2333333333333,1918.9833333333333,1.8333333333333333,1126086.0583333333,-73.94835971323272,40.82531035746355,10 Coops - Elevator Apartments             ,750 Riverside Drive,Manhattan,Harlem-Upper
29,10032,1.0666666666666667,0.03333333333333333,1.1111111111111112,279.81111111111113,766.0111111111111,1922.2333333333333,2.0,749817.1333333333,-73.94101474710668,40.83739124966503,10 Coops - Elevator Apartments             ,775 Riverside Drive,Manhattan,Washington Heights Lower
30,10033,0.4198473282442748,0.007633587786259542,0.42748091603053434,96.33587786259542,248.3206106870229,1932.9007633587787,1.9770992366412214,638483.9083969466,-73.93520630223284,40.84931719055087,10 Coops - Elevator Apartments             ,105 Bennett Avenue,Manhattan,Washington Heights Upper
31,10034,0.25757575757575757,0.06060606060606061,0.3181818181818182,810.6060606060606,397.3333333333333,1940.8484848484848,2.0606060606060606,511783.54545454547,-73.92166406690092,40.86576010392481,10 Coops - Elevator Apartments             ,439 West 202 Street,Manhattan,Inwood
32,10035,2.0140845070422535,0.08450704225352113,2.0985915492957745,737.4788732394367,1783.2394366197184,1954.7042253521126,2.056338028169014,1221755.338028169,-74.0060152,40.7127281,07 Rentals - Walkup Apartments             ,2279 Third Avenue,Manhattan,Harlem-Central
33,10036,0.7692307692307693,0.0,0.8358974358974359,12.871794871794872,41.92307692307692,1982.8615384615384,2.1333333333333333,1245331.5897435897,-74.0060152,40.7127281,13 Condos - Elevator Apartments            ,350 West 42Nd   Street,Manhattan,Clinton
34,10037,1.7307692307692308,0.07692307692307693,1.8076923076923077,582.4615384615385,1400.6538461538462,1940.0384615384614,1.9615384615384615,1089212.9615384615,-74.0060152,40.7127281,13 Condos - Elevator Apartments            ,48 West 138 Street,Manhattan,Harlem-Central
35,10038,0.4583333333333333,0.0,0.4880952380952381,0.0,0.0,1966.9940476190477,2.0595238095238093,1192330.5238095238,-74.0060152,40.7127281,10 Coops - Elevator Apartments             ,115 Nassau Street,Manhattan,Southbridge
36,10039,1.0625,0.08333333333333333,1.1458333333333333,87.08333333333333,44.125,1955.5625,2.0416666666666665,631782.6458333334,-73.93928229337483,40.82436596915043,13 Condos - Elevator Apartments            ,68 Bradhurst Avenue,Manhattan,Harlem-Central
37,10040,0.3269230769230769,0.0,0.3269230769230769,72.11538461538461,251.68269230769232,1947.0673076923076,2.0,547397.2211538461,-73.93248378140589,40.85288254470298,10 Coops - Elevator Apartments             ,255 Cabrini Boulevard,Manhattan,Washington Heights Upper
38,10044,0.14035087719298245,0.0,0.14035087719298245,0.0,0.0,1979.2280701754387,2.0,1024830.9298245613,-74.0060152,40.7127281,17 Condo Coops                             ,"551 Main Street, Res",Manhattan,Roosevelt Island
39,10065,0.5047846889952153,0.08851674641148326,0.5956937799043063,42.889952153110045,506.2751196172249,1957.433014354067,2.007177033492823,1475700.1866028707,-74.0060152,40.7127281,10 Coops - Elevator Apartments             ,200 East 66Th Street,Manhattan,Upper East Side (59-79)
40,10069,0.896551724137931,0.0,1.0,0.0,0.0,2006.4137931034484,2.206896551724138,2159457.793103448,-74.0060152,40.7127281,13 Condos - Elevator Apartments            ,240 Riverside Boulevard,Manhattan,Upper West Side (59-79)
41,10075,0.6144278606965174,0.024875621890547265,0.6417910447761194,68.09950248756219,278.9303482587065,1948.2412935323382,2.0049751243781095,1133831.0273631841,-74.0060152,40.7127281,10 Coops - Elevator Apartments             ,301 East 79Th   Street,Manhattan,Upper East Side (59-79)
42,10128,0.35892514395393477,0.003838771593090211,0.3646833013435701,7.280230326295586,15.558541266794625,1961.7466410748561,2.0057581573896353,1403029.0959692898,-74.0060152,40.7127281,10 Coops - Elevator Apartments             ,389 East 89Th   Street,Manhattan,Upper East Side (79-96)
43,10280,1.0,0.0,1.0,0.0,0.0,1986.6451612903227,2.0,1018870.5806451613,-74.0060152,40.7127281,13 Condos - Elevator Apartments            ,200 Rector Place,Manhattan,Tribeca
44,10282,1.0,0.0,1.0,0.0,0.0,2000.0,2.0,2188501.125,-74.0060152,40.7127281,13 Condos - Elevator Apartments            ,212 Warren Street,Manhattan,Tribeca
45,10301,1.7169811320754718,0.05660377358490566,1.7735849056603774,4379.938005390835,2030.2264150943397,1946.8517520215632,1.307277628032345,485370.7035040431,-74.09383846998692,40.62952804477569,01 One Family Dwellings                    ,200 Hart Boulevard,Staten Island,New Brighton
46,10302,1.4220183486238531,0.12385321100917432,1.5412844036697249,3701.3256880733943,1630.559633027523,1945.6422018348624,1.110091743119266,403915.7385321101,-74.1371819391177,40.630747553121054,01 One Family Dwellings                    ,405 Jewett Avenue,Staten Island,Port Richmond
47,10303,1.6594982078853047,0.05017921146953405,1.7096774193548387,4284.329749103943,1713.9175627240143,1968.0609318996417,1.1003584229390682,346165.32616487454,-74.15877125203949,40.630271769607624,01 One Family Dwellings                    ,92 Simonson Avenue,Staten Island,Mariners Harbor
48,10304,1.2240184757505774,0.04849884526558892,1.2748267898383372,4368.965357967668,1636.0831408775982,1963.392609699769,1.1547344110854503,525518.1662817552,-74.08813855832415,40.60977169038602,01 One Family Dwellings                    ,755 Narrows Road North,Staten Island,Concord
49,10305,1.215568862275449,0.041916167664670656,1.2574850299401197,3048.1077844311376,1373.8982035928143,1970.6167664670659,1.1457085828343314,489310.2954091816,-74.07602296433987,40.59843832051841,01 One Family Dwellings                    ,175 Zoe Street,Staten Island,South Beach
50,10306,1.158751696065129,0.025780189959294438,1.1845318860244234,3315.3215739484394,1328.8113975576662,1968.6824966078698,1.1044776119402986,475283.3052917232,-74.11677033317085,40.569003552876936,01 One Family Dwellings                    ,145 Lincoln Avenue,Staten Island,Midland Beach
51,10307,1.4277456647398843,0.011560693641618497,1.439306358381503,4542.42774566474,2028.5549132947976,1974.6936416184972,1.0404624277456647,620965.9248554914,-74.24252391121192,40.50795486088144,01 One Family Dwellings                    ,445 Manhattan Street,Staten Island,Tottenville
52,10308,1.1903409090909092,0.056818181818181816,1.2471590909090908,3330.536931818182,1487.7613636363637,1972.0255681818182,1.0625,499155.3125,-74.15070044423983,40.55196054884065,01 One Family Dwellings                    ,3843 Amboy Road,Staten Island,Great Kills
53,10309,1.3056179775280898,0.035955056179775284,1.3393258426966292,4828.368539325843,2038.238202247191,1986.01797752809,1.0808988764044944,608781.5280898877,-74.21289092626431,40.53468786241295,01 One Family Dwellings                    ,150 Camden Avenue,Staten Island,Rossville
54,10310,1.4481481481481482,0.1037037037037037,1.5407407407407407,4792.029629629629,1883.2962962962963,1948.8925925925926,1.2074074074074075,470169.4962962963,-74.11649985999485,40.63191821757032,01 One Family Dwellings                    ,490 Clove Road,Staten Island,West New Brighton
55,10312,1.2090680100755669,0.013853904282115869,1.2241813602015112,3430.740554156171,1617.2997481108312,1981.2455919395466,1.0377833753148615,521993.09571788413,-74.17851701554632,40.546496489978864,01 One Family Dwellings                    ,119 Cortelyou Avenue,Staten Island,Eltingville
56,10314,1.2279745685740235,0.25158946412352406,1.4786557674841054,7646.815622161671,3033.884650317893,1975.6666666666667,1.0890099909173478,512924.76112624886,-74.14710507792189,40.604024500337275,01 One Family Dwellings                    ,1235 Forest Hill Road,Staten Island,New Springville
57,10451,1.3478260869565217,0.21739130434782608,1.565217391304348,1015.5978260869565,1335.2934782608695,1943.3369565217392,1.934782608695652,577403.8913043478,-73.91993549601845,40.82048364413682,10 Coops - Elevator Apartments             ,837 Washington Avenue,Bronx,Melrose/Concourse
58,10452,2.66,0.16,2.82,2312.16,3523.92,1924.96,1.62,523880.92,-73.92232118854076,40.837781058471286,10 Coops - Elevator Apartments             ,1370 Plimpton Avenue,Bronx,Highbridge/Morris Heights
59,10453,2.4754098360655736,0.08196721311475409,2.557377049180328,2625.44262295082,3167.5081967213114,1927.1639344262296,1.2950819672131149,508935.8360655738,-73.91199712935558,40.85233454033086,02 Two Family Dwellings                    ,28 West 174Th Street,Bronx,Highbridge/Morris Heights
60,10454,3.8615384615384616,0.46153846153846156,4.338461538461538,2844.646153846154,5113.0615384615385,1930.6153846153845,1.7538461538461538,1060571.9692307692,-73.91822320328629,40.807741084520494,07 Rentals - Walkup Apartments             ,424 East 143Rd Street,Bronx,Mott Haven/Port Morris
61,10455,2.302325581395349,0.37209302325581395,2.6744186046511627,2710.139534883721,4047.4186046511627,1938.3023255813953,1.7674418604651163,899575.6046511628,-73.90882641047494,40.81545421136493,02 Two Family Dwellings                    ,388 East 154 Street,Bronx,Morrisania/Longwood
62,10456,3.213675213675214,0.1794871794871795,3.393162393162393,2541.82905982906,3942.991452991453,1931.3504273504273,1.4444444444444444,668595.7094017094,-73.90857003575195,40.82974327849674,02 Two Family Dwellings                    ,788 East 163Rd Street,Bronx,Melrose/Concourse
63,10457,2.5985915492957745,0.1619718309859155,2.76056338028169,2459.2323943661972,3229.1338028169016,1925.6971830985915,1.3661971830985915,620027.7253521127,-73.89772325779803,40.847962144155325,02 Two Family Dwellings                    ,2150 Crotona Avenue,Bronx,East Tremont
64,10458,3.424,0.208,3.632,2119.344,3550.712,1927.712,1.472,727847.344,-73.88877220100115,40.86155916982121,02 Two Family Dwellings                    ,509 East 183 Street,Bronx,Bedford Park/Norwood
65,10459,3.017094017094017,0.1623931623931624,3.1794871794871793,2652.6666666666665,3539.769230769231,1942.8034188034187,1.4188034188034189,615772.0769230769,-73.89411018269504,40.82605583038085,03 Three Family Dwellings                  ,888 Union Avenue,Bronx,Morrisania/Longwood
66,10460,2.3884892086330933,0.28776978417266186,2.676258992805755,2871.223021582734,3105.856115107914,1938.7482014388488,1.6618705035971224,625205.0863309352,-73.87864638888563,40.84012411368988,02 Two Family Dwellings                    ,645 Mead Street,Bronx,East Tremont
67,10461,1.8552188552188553,0.05723905723905724,1.9023569023569022,2660.158249158249,2040.5252525252524,1940.5286195286196,1.1885521885521886,523096.3367003367,-73.8410640273672,40.845859177402055,02 Two Family Dwellings                    ,1144 Lydig Avenue,Bronx,Schuylerville/Pelham Bay
68,10462,1.5959183673469388,0.08571428571428572,1.6816326530612244,1845.938775510204,1791.6204081632652,1933.7795918367347,1.3918367346938776,430852.77959183673,-73.85794901525807,40.84289274925272,02 Two Family Dwellings                    ,1443 Zerega Avenue,Bronx,Morris Park/Van Nest
69,10463,0.7516339869281046,0.0196078431372549,0.7777777777777778,609.9498910675381,690.2287581699346,1956.7037037037037,1.908496732026144,402279.0174291939,-73.90567037074157,40.88098775412403,10 Coops - Elevator Apartments             ,2287 Johnson Avenue,Bronx,Riverdale
70,10464,1.163265306122449,0.04081632653061224,1.2040816326530612,3921.918367346939,1397.5714285714287,1947.1020408163265,1.0204081632653061,529002.2653061225,-73.7876487852114,40.84861236933124,01 One Family Dwellings                    ,152A Tier Street,Bronx,City Island
71,10465,1.4573863636363635,0.014204545454545454,1.4715909090909092,2787.661931818182,1664.5426136363637,1951.1647727272727,1.0767045454545454,475834.26136363635,-73.81847079270959,40.82647887768817,01 One Family Dwellings                    ,600 Clarence Avenue,Bronx,Throgs Neck
72,10466,1.8686868686868687,0.0707070707070707,1.9393939393939394,2826.4267676767677,2193.820707070707,1945.199494949495,1.1641414141414141,459496.404040404,-73.84740211677367,40.89120944285651,02 Two Family Dwellings                    ,3701 Pratt Avenue,Bronx,Williamsbridge
73,10467,1.825657894736842,0.10855263157894737,1.9342105263157894,2116.2302631578946,2028.029605263158,1937.7894736842106,1.4703947368421053,458180.0427631579,-73.86796867856582,40.87452206784564,02 Two Family Dwellings                    ,610 Waring Avenue,Bronx,Bronxdale
74,10468,2.382608695652174,0.008695652173913044,2.4,1570.9391304347826,2414.9217391304346,1937.3304347826088,1.6695652173913043,529968.4086956521,-73.90024471544353,40.865509153401284,10 Coops - Elevator Apartments             ,3124 Jerome Avenue,Bronx,Kingsbridge Hts/Univ Hts
75,10469,1.6221198156682028,0.02534562211981567,1.6474654377880185,2802.4032258064517,1978.6935483870968,1949.7695852534562,1.0391705069124424,462291.6912442396,-73.84825662081822,40.86981671766414,01 One Family Dwellings                    ,3313 Wilson Avenue,Bronx,Baychester
76,10470,1.9504950495049505,0.1188118811881188,2.0594059405940595,2971.079207920792,2849.4851485148515,1936.5841584158416,1.5742574257425743,556094.9504950495,-73.86191801215324,40.89842089285473,01 One Family Dwellings                    ,4629 Furman Avenue,Bronx,Woodlawn
77,10471,2.808988764044944,0.052434456928838954,2.8614232209737827,2537.887640449438,3072.187265917603,1953.7153558052435,1.8389513108614233,473112.26217228465,-73.90298649195104,40.902438656552974,10 Coops - Elevator Apartments             ,4555 Henry Hudson Parkway,Bronx,Riverdale
78,10472,2.659217877094972,0.0893854748603352,2.7486033519553073,2557.078212290503,2877.072625698324,1935.022346368715,1.3463687150837989,496651.49720670393,-73.86874271592129,40.82979628861048,02 Two Family Dwellings                    ,1123 White Plains Road,Bronx,Soundview
79,10473,1.661596958174905,0.04182509505703422,1.703422053231939,2205.3498098859313,1792.8250950570343,1960.5247148288972,1.167300380228137,404936.8631178707,-73.85683975749788,40.81777568774457,02 Two Family Dwellings                    ,941 Wheeler,Bronx,Soundview
80,10474,1.7894736842105263,0.34210526315789475,2.1315789473684212,4766.973684210527,3858.2631578947367,1945.921052631579,1.9210526315789473,718989.0,-73.8873818396357,40.814048320651736,03 Three Family Dwellings                  ,613 Barretto Street,Bronx,Hunts Point
81,10475,1.4,0.16,1.56,3793.12,2289.12,1963.8,1.48,425761.72,-73.82729486378295,40.87772608825917,01 One Family Dwellings                    ,2309 Hunter Avenue,Bronx,Baychester
82,10803,1.0,0.0,1.0,2940.0,1420.0,1955.0,1.0,736000.0,-73.80717784326836,40.90398549264618,01 One Family Dwellings                    ,1450 Roosevelt Avenue,Bronx,City Island-Pelham Strip
83,11001,1.1162790697674418,0.0,1.1162790697674418,3631.2093023255816,1402.093023255814,1945.9302325581396,1.0,553001.8372093023,-73.70626098209816,40.72420871322771,01 One Family Dwellings                    ,84-28 260Th   Street,Queens,Floral Park
84,11004,1.335195530726257,0.0111731843575419,1.3463687150837989,3213.04469273743,1292.782122905028,1951.1117318435754,1.5810055865921788,440127.6536312849,-73.71225585575203,40.745153239875926,09 Coops - Walkup Apartments               ,"74-45 260Th Street, 33B7",Queens,Glen Oaks
85,11005,17.233644859813083,0.205607476635514,17.439252336448597,39516.82242990654,35052.009345794395,1972.0,2.0,568738.4953271028,-73.71393022943572,40.75281542310287,10 Coops - Elevator Apartments             ,26910 Grand Central Parkwa,Queens,Glen Oaks
86,11040,0.6333333333333333,0.0,0.6333333333333333,2834.3,801.1,1950.3333333333333,1.3666666666666667,465700.0,-73.68186030878358,40.744320542695114,01 One Family Dwellings                    ,270-08 Union Turnpike,Queens,Floral Park
87,11101,1.0458715596330275,0.14220183486238533,1.238532110091743,1588.8990825688074,1020.348623853211,1981.0,2.1926605504587156,1186299.871559633,-74.0060152,40.7127281,13 Condos - Elevator Apartments            ,42-60 Crescent Street,Queens,Long Island City
88,11102,2.018181818181818,0.10909090909090909,2.1363636363636362,1184.2727272727273,1363.4727272727273,1967.1727272727273,1.8,986181.9727272728,-74.0060152,40.71272809999999,13 Condos - Elevator Apartments            ,25-13 27Th   Street,Queens,Astoria
89,11103,2.0927835051546393,0.20618556701030927,2.2989690721649483,2108.298969072165,2490.639175257732,1932.0721649484535,1.4639175257731958,1051184.092783505,-74.0060152,40.7127281,02 Two Family Dwellings                    ,30-80 42Nd Street,Queens,Astoria
90,11104,1.1367521367521367,0.08547008547008547,1.2222222222222223,932.1111111111111,1061.025641025641,1937.820512820513,1.7264957264957266,644734.3760683761,-74.0060152,40.7127281,10 Coops - Elevator Apartments             ,41-09 41St Street,Queens,Sunnyside
91,11105,1.417808219178082,0.14383561643835616,1.5684931506849316,1765.1575342465753,1667.2123287671234,1941.8835616438357,1.6095890410958904,1018548.5753424658,-74.0060152,40.7127281,02 Two Family Dwellings                    ,23-11 21St   Avenue,Queens,Astoria
92,11106,1.0309278350515463,0.09278350515463918,1.175257731958763,796.1340206185567,852.3041237113403,1965.6288659793815,1.9278350515463918,846134.0773195876,-74.0060152,40.7127281,10 Coops - Elevator Apartments             ,34-32 35Th   Street,Queens,Astoria
93,11109,0.23333333333333334,0.0,0.23333333333333334,0.0,0.0,1998.7666666666667,2.0,849433.3333333334,-74.0060152,40.7127281,10 Coops - Elevator Apartments             ,46-30 Center Boulevard,Queens,Long Island City
94,11201,0.7316798196166855,0.02142051860202931,0.8004509582863585,134.56031567080046,206.92220969560316,1954.228861330327,2.072153325817362,1524358.6290868095,-74.0060152,40.7127281,13 Condos - Elevator Apartments            ,265 State Street,Brooklyn,Brooklyn Heights
95,11203,1.763496143958869,0.14652956298200515,1.9125964010282777,2207.650385604113,2041.706940874036,1934.8457583547558,1.3290488431876606,568285.0642673522,-74.0060152,40.7127281,02 Two Family Dwellings                    ,651 New York Avenue,Brooklyn,Flatbush-East
96,11204,1.824925816023739,0.10089020771513353,1.9258160237388724,1938.9881305637982,1793.8842729970327,1940.1780415430267,1.2462908011869436,1069130.465875371,-74.0060152,40.7127281,02 Two Family Dwellings                    ,1457 West 5Th   Street,Brooklyn,Borough Park
97,11205,1.2567049808429118,0.07279693486590039,1.3524904214559388,738.0459770114943,1055.5172413793102,1961.83908045977,1.8275862068965518,1055471.7969348659,-74.0060152,40.7127281,10 Coops - Elevator Apartments             ,8 Vanderbilt Avenue,Brooklyn,Bedford Stuyvesant
98,11206,2.2622222222222224,0.1688888888888889,2.4355555555555557,1159.9955555555555,1946.3244444444445,1968.2711111111112,1.8,980672.0355555556,-74.0060152,40.7127281,13 Condos - Elevator Apartments            ,90 Lorimer Street,Brooklyn,Bedford Stuyvesant
99,11207,2.2016632016632016,0.09563409563409564,2.2972972972972974,2106.5363825363825,2275.8191268191267,1934.178794178794,1.237006237006237,613625.7484407484,-74.0060152,40.7127281,02 Two Family Dwellings                    ,116 Covert Street,Brooklyn,East New York
100,11208,2.339662447257384,0.10548523206751055,2.438818565400844,2361.2109704641352,2358.4135021097045,1928.4810126582279,1.1708860759493671,544024.2025316455,-73.87457731835254,40.67635958171899,02 Two Family Dwellings                    ,310 Autumn Avenue,Brooklyn,East New York
101,11209,0.92152466367713,0.06502242152466367,0.9887892376681614,1104.0022421524664,1116.634529147982,1938.786995515695,1.6188340807174888,775887.9461883408,-74.0060152,40.71272810000001,10 Coops - Elevator Apartments             ,180 72 St,Brooklyn,Bay Ridge
102,11210,1.0718232044198894,0.06077348066298342,1.132596685082873,2098.9447513812156,1526.1381215469614,1931.5386740331492,1.2955801104972375,727654.4364640884,-74.0060152,40.7127281,01 One Family Dwellings                    ,3101 Avenue J,Brooklyn,Flatbush-East
103,11211,1.6537102473498233,0.11307420494699646,1.823321554770318,756.5194346289753,1105.5583038869258,1959.5689045936397,1.8904593639575973,1240680.0530035335,-74.0060152,40.7127281,13 Condos - Elevator Apartments            ,212 North 9Th   Street,Brooklyn,Williamsburg-East
104,11212,2.457286432160804,0.2562814070351759,2.71356783919598,2259.145728643216,2730.2964824120604,1942.3366834170854,1.4170854271356783,561687.6381909548,-74.0060152,40.7127281,02 Two Family Dwellings                    ,2027 Strauss Street,Brooklyn,Brownsville
105,11213,2.46524064171123,0.11229946524064172,2.5828877005347595,2021.6791443850268,2859.620320855615,1922.4010695187167,1.304812834224599,946374.9625668449,-74.0060152,40.7127281,02 Two Family Dwellings                    ,1621 Pacific St,Brooklyn,Crown Heights
106,11214,1.4643799472295516,0.16094986807387862,1.633245382585752,13116.51451187335,4841.419525065963,1951.287598944591,1.4881266490765173,854553.2084432718,-74.0060152,40.7127281,02 Two Family Dwellings                    ,8629 Bay Parkway,Brooklyn,Gravesend
107,11215,1.1353251318101933,0.054481546572934976,1.1985940246045694,680.3796133567663,949.4165202108964,1937.5623901581723,1.7135325131810193,1514512.8787346222,-74.0060152,40.7127281,09 Coops - Walkup Apartments               ,251 1 Street,Brooklyn,Park Slope
108,11216,2.7027027027027026,0.08108108108108109,2.7871621621621623,1521.3445945945946,2657.0033783783783,1928.8817567567567,1.4358108108108107,1310583.5,-74.0060152,40.7127281,02 Two Family Dwellings                    ,1149 Bedford Avenue,Brooklyn,Bedford Stuyvesant
109,11217,1.3914590747330962,0.08896797153024912,1.491103202846975,662.9644128113879,1234.2633451957295,1945.0889679715303,1.8291814946619218,1660036.4839857651,-74.0060152,40.7127281,13 Condos - Elevator Apartments            ,465 Pacific Street,Brooklyn,Park Slope
110,11218,1.699228791773779,0.08997429305912596,1.7917737789203085,1231.5115681233933,1882.7429305912597,1942.9228791773778,1.6683804627249357,866803.9897172237,-74.0060152,40.7127281,10 Coops - Elevator Apartments             ,231 Ocean Parkway,Brooklyn,Kensington
111,11219,1.9810725552050472,0.12302839116719243,2.1041009463722395,1644.9716088328075,2149.274447949527,1954.3091482649843,1.4290220820189274,1173359.593059937,-74.0060152,40.7127281,02 Two Family Dwellings                    ,1542 68Th    Street,Brooklyn,Borough Park
112,11220,2.027586206896552,0.1413793103448276,2.196551724137931,1530.6586206896552,2065.7034482758622,1935.2896551724139,1.596551724137931,941917.1827586207,-74.0060152,40.7127281,02 Two Family Dwellings                    ,531 52Nd   Street,Brooklyn,Sunset Park
113,11221,2.5369928400954653,0.0883054892601432,2.627684964200477,1813.6443914081146,2643.5178997613366,1926.3174224343675,1.3102625298329356,1086885.0071599046,-74.0060152,40.7127281,02 Two Family Dwellings                    ,328 Central Avenue,Brooklyn,Bedford Stuyvesant
114,11222,1.981818181818182,0.12272727272727273,2.1363636363636362,1670.409090909091,2072.559090909091,1959.4045454545455,1.8590909090909091,1501699.3772727272,-74.0060152,40.71272809999999,13 Condos - Elevator Apartments            ,1059 Manhattan Avenue,Brooklyn,Greenpoint
115,11223,1.5574712643678161,0.10344827586206896,1.6666666666666667,2117.683908045977,1767.603448275862,1938.5862068965516,1.3620689655172413,1024025.367816092,-74.0060152,40.7127281,02 Two Family Dwellings                    ,2695 Shell Road,Brooklyn,Ocean Parkway-South
116,11224,0.9205607476635514,0.06542056074766354,1.0,1547.5327102803737,1126.8364485981308,1963.588785046729,1.7429906542056075,540795.5794392524,-73.99930160926077,40.58017058850049,10 Coops - Elevator Apartments             ,501 Surf Avenue,Brooklyn,Coney Island
117,11225,1.6358024691358024,0.12962962962962962,1.7654320987654322,1912.9506172839506,2199.925925925926,1927.1728395061727,1.4012345679012346,1125553.4814814816,-74.0060152,40.7127281,02 Two Family Dwellings                    ,396 Lefferts Avenue,Brooklyn,Flatbush-Lefferts Garden
118,11226,2.125874125874126,0.20279720279720279,2.3286713286713288,2031.3391608391607,2519.604895104895,1927.0314685314686,1.486013986013986,889396.1678321678,-74.0060152,40.7127281,10 Coops - Elevator Apartments             ,2107 Bedford Avenue,Brooklyn,Flatbush-Central
119,11228,1.7469879518072289,0.07228915662650602,1.819277108433735,2162.3333333333335,1966.6465863453816,1930.0722891566265,1.1124497991967872,1026721.172690763,-74.0060152,40.7127281,02 Two Family Dwellings                    ,7601 14Th   Avenue,Brooklyn,Dyker Heights
120,11229,1.5711678832116789,0.09124087591240876,1.667883211678832,1834.3576642335765,1838.7810218978102,1943.697080291971,1.4543795620437956,625099.2299270073,-73.95301276723112,40.60655345,01 One Family Dwellings                    ,2493 Ocean Ave,Brooklyn,Madison
121,11230,1.066326530612245,0.061224489795918366,1.135204081632653,1611.4336734693877,1348.3954081632653,1943.0484693877552,1.5739795918367347,917253.7040816327,-74.0060152,40.7127281,10 Coops - Elevator Apartments             ,1918 Avenue N,Brooklyn,Ocean Parkway-North
122,11231,1.7868852459016393,0.1557377049180328,1.9549180327868851,1017.594262295082,1494.532786885246,1938.799180327869,1.7049180327868851,1892465.1065573771,-74.0060152,40.7127281,13 Condos - Elevator Apartments            ,337 Carroll Street,Brooklyn,Carroll Gardens
123,11232,2.356521739130435,0.16521739130434782,2.5217391304347827,1474.9565217391305,2008.4695652173914,1933.8086956521738,1.7130434782608697,1064041.747826087,-74.0060152,40.7127281,02 Two Family Dwellings                    ,227 34Th   Street,Brooklyn,Sunset Park
124,11233,2.799382716049383,0.09567901234567901,2.8950617283950617,2038.2006172839506,2932.9753086419755,1920.716049382716,1.2623456790123457,974074.9290123457,-74.0060152,40.7127281,02 Two Family Dwellings                    ,729 Decatur Street,Brooklyn,Ocean Hill
125,11234,1.3690140845070422,0.07464788732394366,1.443661971830986,2442.7295774647887,1805.0633802816901,1944.581690140845,1.171830985915493,588649.4084507042,-73.92370072772809,40.61894711185201,01 One Family Dwellings                    ,1731 East 38Th   Street,Brooklyn,Marine Park
126,11235,0.9162011173184358,0.07681564245810056,1.0069832402234637,1023.3519553072625,834.9371508379888,1961.0055865921788,1.7472067039106145,580828.5810055865,-73.95159982478596,40.58618949204101,10 Coops - Elevator Apartments             ,102 West End Avenue,Brooklyn,Sheepshead Bay
127,11236,1.7428571428571429,0.10476190476190476,1.8476190476190477,2610.35,2011.2761904761905,1950.9595238095237,1.1571428571428573,536476.0333333333,-73.90299241922251,40.6400067625854,02 Two Family Dwellings                    ,918 East 106 Street,Brooklyn,Canarsie
128,11237,3.09375,0.140625,3.234375,1863.2578125,2837.296875,1944.4140625,1.7265625,1180558.34375,-74.0060152,40.7127281,07 Rentals - Walkup Apartments             ,172 Wilson Avenue,Brooklyn,Bushwick
129,11238,1.1237623762376239,0.0297029702970297,1.1584158415841583,416.6419141914191,677.7838283828382,1969.430693069307,1.8663366336633664,1128938.3498349835,-74.0060152,40.7127281,13 Condos - Elevator Apartments            ,550 Vanderbilt Avenue,Brooklyn,Prospect Heights
130,11239,1.0,0.0,1.0,1964.6415094339623,1594.4150943396226,2015.4905660377358,1.0,419209.56603773584,-73.88277069921544,40.64944398243091,01 One Family Dwellings                    ,616 Louisiana Avenue,Brooklyn,Spring Creek
131,11249,1.0666666666666667,0.008,1.1333333333333333,105.14133333333334,180.512,1997.8,2.0693333333333332,1287821.5653333333,-74.0060152,40.7127281,13 Condos - Elevator Apartments            ,429 Kent Avenue,Brooklyn,Williamsburg-South
132,11354,0.9274353876739563,0.02186878727634195,1.0437375745526838,537.803180914513,433.2296222664016,1994.1868787276342,2.099403578528827,848496.2107355865,-73.82288321420218,40.768790393664716,13 Condos - Elevator Apartments            ,131-05 40Th   Road,Queens,Flushing-North
133,11355,0.9001883239171374,0.064030131826742,0.9981167608286252,1253.7005649717514,835.5800376647834,1961.3653483992466,1.7062146892655368,707502.6723163842,-73.81993647446302,40.750423182818125,10 Coops - Elevator Apartments             ,143-28 41St   Avenue,Queens,Flushing-North
134,11356,1.6844444444444444,0.08,1.7644444444444445,3201.728888888889,2051.786666666667,1941.24,1.1644444444444444,834606.3466666667,-73.84476976522107,40.785983944515124,02 Two Family Dwellings                    ,15-22 123Rd Street,Queens,College Point
135,11357,0.7062043795620438,0.010948905109489052,0.7171532846715328,2292.5200729927005,995.0401459854014,1951.6186131386862,1.4616788321167884,643198.0620437956,-73.81048505062444,40.785110137148564,01 One Family Dwellings                    ,150-31 12Th Avenue,Queens,Whitestone
136,11358,1.2452830188679245,0.07547169811320754,1.320754716981132,3335.503144654088,1667.2012578616352,1943.1446540880504,1.1981132075471699,903135.320754717,-73.79592959246499,40.76085152315806,01 One Family Dwellings                    ,193-08 Station Road,Queens,Flushing-North
137,11360,0.9940476190476191,0.008928571428571428,1.0029761904761905,1915.205357142857,894.3720238095239,1965.107142857143,1.6398809523809523,592557.2351190476,-73.78226247132213,40.77989824711467,10 Coops - Elevator Apartments             ,2 Bay Club Drive,Queens,Bayside
138,11361,0.9415584415584416,0.032467532467532464,0.9707792207792207,2526.538961038961,1211.5551948051948,1947.9805194805194,1.37012987012987,716182.6038961039,-73.77427085894116,40.763342068442256,01 One Family Dwellings                    ,43-12 214Th   Place,Queens,Bayside
139,11362,0.8321678321678322,0.08041958041958042,0.9125874125874126,2614.573426573427,1134.3986013986014,1956.5384615384614,1.6083916083916083,567775.6818181818,-73.73326855348499,40.76009649459534,09 Coops - Walkup Apartments               ,246-16 60Th   Avenue,Queens,Little Neck
140,11363,1.6263736263736264,0.0,1.6263736263736264,4065.5934065934066,2033.4835164835165,1947.3736263736264,1.2967032967032968,782814.1208791209,-73.74468460398545,40.77274364330159,01 One Family Dwellings                    ,350 Park Lane,Queens,Douglaston
141,11364,0.5273159144893111,0.0,0.5273159144893111,1745.938242280285,693.6745843230403,1951.916864608076,1.5700712589073633,520962.486935867,-73.7594680948917,40.746904608718864,01 One Family Dwellings                    ,58-27 201 Street,Queens,Oakland Gardens
142,11365,1.1170886075949367,0.012658227848101266,1.139240506329114,2677.8417721518986,1217.0411392405063,1959.48417721519,1.268987341772152,722257.25,-73.79326514565146,40.73874682251222,01 One Family Dwellings                    ,71-59 160Th   Street,Queens,Flushing-South
143,11366,1.1907894736842106,0.07236842105263158,1.263157894736842,2948.190789473684,1366.7697368421052,1955.8881578947369,1.105263157894737,752182.9802631579,-73.79317590878972,40.727989442513824,01 One Family Dwellings                    ,75-48 Parsons Boulevard,Queens,Flushing-South
144,11367,0.5550660792951542,0.006607929515418502,0.5638766519823789,847.3612334801762,552.9273127753304,1951.0726872246696,1.7312775330396475,416117.47797356825,-73.82106537132019,40.728792465518296,09 Coops - Walkup Apartments               ,150-38 Union Turnpike,Queens,Flushing-South
145,11368,1.8721804511278195,0.08771929824561403,1.9598997493734336,1691.2431077694237,1648.7117794486217,1948.9248120300751,1.468671679197995,717354.2807017544,-73.86062308720669,40.748087873550716,02 Two Family Dwellings                    ,112-02 Northern Boulevard,Queens,Corona
146,11369,1.4776119402985075,0.014925373134328358,1.492537313432836,2248.070895522388,1490.7462686567164,1941.3320895522388,1.2238805970149254,615280.4253731343,-73.8728358767879,40.7624951686077,02 Two Family Dwellings                    ,31-21 97Th   Street,Queens,East Elmhurst
147,11370,1.9615384615384615,0.019230769230769232,1.9807692307692308,2353.25,2068.1826923076924,1947.1057692307693,1.1057692307692308,780256.7019230769,-73.89055360113385,40.76238880354056,02 Two Family Dwellings                    ,32-45 70Th Street,Queens,Jackson Heights
148,11372,1.4057649667405765,0.082039911308204,1.483370288248337,627.6053215077606,1539.860310421286,1939.7361419068736,1.917960088691796,465479.2771618625,-73.88317295777486,40.75138253811496,10 Coops - Elevator Apartments             ,85-11 34Th   Avenue,Queens,Jackson Heights
149,11373,1.5372340425531914,0.047872340425531915,1.5984042553191489,1121.3962765957447,1357.7978723404256,1953.6356382978724,1.678191489361702,592614.7420212766,-73.8785245493796,40.739765818056206,10 Coops - Elevator Apartments             ,90-14 51St   Avenue,Queens,Elmhurst
150,11374,1.4826789838337182,0.020785219399538105,1.508083140877598,817.9538106235566,1346.6974595842955,1952.7782909930716,1.8175519630484989,449839.5612009238,-73.86191936523372,40.72496155731097,10 Coops - Elevator Apartments             ,65-50 Wetherole Street,Queens,Rego Park
151,11375,1.0643729189789124,0.03218645948945616,1.097669256381798,915.7458379578246,1125.4239733629302,1949.7558268590456,1.8168701442841289,531959.4139844617,-73.8478902242649,40.71939841194825,10 Coops - Elevator Apartments             ,100-25 Queens Boulevard,Queens,Forest Hills
152,11377,1.0508474576271187,0.0774818401937046,1.1355932203389831,1131.6900726392253,1142.3535108958838,1946.9394673123486,1.7118644067796611,651670.3510895884,-74.0060152,40.7127281,10 Coops - Elevator Apartments             ,61-05 39Th   Avenue,Queens,Woodside
153,11378,1.5943775100401607,0.0642570281124498,1.6586345381526104,2465.2048192771085,1845.4096385542168,1939.9357429718875,1.2690763052208835,715727.891566265,-74.0060152,40.7127281,02 Two Family Dwellings                    ,57-15 69Th   Lane,Queens,Maspeth
154,11379,1.4767441860465116,0.023255813953488372,1.5155038759689923,2145.720930232558,1628.9961240310076,1942.5,1.1472868217054264,741252.0620155039,-73.87953075364035,40.71899819177928,01 One Family Dwellings                    ,66-83 70Th   Street,Queens,Middle Village
155,11385,2.210144927536232,0.10628019323671498,2.3381642512077296,2235.2753623188405,2352.7874396135267,1929.792270531401,1.4275362318840579,842574.4830917874,-74.0060152,40.7127281,02 Two Family Dwellings                    ,63-34 Fresh Pond Road,Queens,Glendale
156,11411,1.151685393258427,0.011235955056179775,1.1629213483146068,3476.612359550562,1319.5955056179776,1942.758426966292,1.0168539325842696,394001.3370786517,-73.73667068577313,40.69463204458623,01 One Family Dwellings                    ,117-08 233Rd   Street,Queens,Cambria Heights
157,11412,1.265625,0.08072916666666667,1.34375,3309.6484375,1582.6848958333333,1934.9036458333333,1.1067708333333333,420730.1848958333,-73.75811069041092,40.69787454259936,01 One Family Dwellings                    ,187-15 Hilburn Avenue,Queens,St. Albans
158,11413,1.4221105527638191,0.007537688442211055,1.4246231155778895,3620.4195979899496,1556.4497487437186,1943.0427135678392,1.015075376884422,452445.82412060304,-73.74964571124626,40.67311388351677,01 One Family Dwellings                    ,146-15 230 Place,Queens,Laurelton
159,11414,0.9093333333333333,0.005333333333333333,0.9146666666666666,2267.448,1104.7306666666666,1956.6613333333332,1.4133333333333333,424711.1493333333,-73.84231187938123,40.65838647650202,01 One Family Dwellings                    ,151-35 84Th Street,Queens,Howard Beach
160,11415,0.36160714285714285,0.044642857142857144,0.41964285714285715,583.5580357142857,385.2142857142857,1954.4419642857142,1.8794642857142858,382757.79910714284,-73.83078020658026,40.70672968993017,10 Coops - Elevator Apartments             ,85-15 120Th   Street,Queens,Kew Gardens
161,11416,1.8742138364779874,0.1069182389937107,1.9811320754716981,2386.949685534591,1968.6163522012578,1926.3270440251572,1.1132075471698113,573192.9496855346,-73.8503844989659,40.68446633166333,02 Two Family Dwellings                    ,97-42 77Th   Street,Queens,Ozone Park
162,11417,1.5688073394495412,0.06422018348623854,1.6330275229357798,2476.032110091743,1677.2844036697247,1933.1146788990825,1.1009174311926606,504672.2660550459,-73.84424950439909,40.67748145849452,01 One Family Dwellings                    ,106-10 Liberty Avenue,Queens,Ozone Park
163,11418,1.331877729257642,0.13973799126637554,1.4716157205240175,2241.3886462882097,1725.467248908297,1928.7423580786026,1.4585152838427948,598197.113537118,-73.83462234865722,40.697777891875354,02 Two Family Dwellings                    ,84-10 101St Street,Queens,Richmond Hill
164,11419,1.6322314049586777,0.08677685950413223,1.71900826446281,2502.900826446281,1745.2768595041323,1924.7272727272727,1.0826446280991735,530363.173553719,-73.82341766266534,40.68820642246468,02 Two Family Dwellings                    ,95-20 108 Street,Queens,Richmond Hill
165,11420,1.411764705882353,0.03580562659846547,1.4475703324808185,2796.071611253197,1476.0511508951406,1933.8593350383633,1.0639386189258313,483794.47314578004,-73.81506355387195,40.67537406543903,01 One Family Dwellings                    ,132-40 114Th   Place,Queens,South Ozone Park
166,11421,1.3855799373040751,0.03761755485893417,1.4231974921630095,2025.6238244514107,1524.8119122257053,1924.398119122257,1.1504702194357366,527673.7523510972,-73.85777883584419,40.691044617293215,01 One Family Dwellings                    ,85-02 96Th Street,Queens,Woodhaven
167,11422,1.4254385964912282,0.04824561403508772,1.4736842105263157,3441.5131578947367,1559.4429824561403,1951.1929824561403,1.118421052631579,462432.2543859649,-73.73533585142441,40.66350679279601,01 One Family Dwellings                    ,257-23 148Th Road,Queens,Rosedale
168,11423,1.264840182648402,0.0593607305936073,1.3242009132420092,3834.2237442922374,1694.8310502283105,1938.5114155251142,1.278538812785388,538016.5616438356,-73.76763994814671,40.71480065800101,01 One Family Dwellings                    ,88-50 192Nd Street,Queens,Hollis
169,11426,0.883177570093458,0.0514018691588785,0.9345794392523364,2737.7616822429904,1108.7102803738317,1944.4953271028037,1.3224299065420562,489356.80841121497,-73.72143507013107,40.73404064147054,01 One Family Dwellings                    ,85-45 253Rd Street,Queens,Bellerose
170,11427,0.8941798941798942,0.015873015873015872,0.91005291005291,2465.5079365079364,1160.026455026455,1945.984126984127,1.312169312169312,471723.5026455026,-73.74866907699901,40.72818095990462,01 One Family Dwellings                    ,"224-10 Manor Road, 10-8",Queens,Queens Village
171,11428,1.1168831168831168,0.07142857142857142,1.1883116883116882,2916.4415584415583,1415.7532467532467,1927.4155844155844,1.0909090909090908,457173.94155844155,-73.74251806077784,40.721297407803135,01 One Family Dwellings                    ,223-20 Braddock Avenue,Queens,Queens Village
172,11429,1.3236714975845412,0.057971014492753624,1.3816425120772946,3342.381642512077,1550.855072463768,1933.280193236715,1.0434782608695652,447233.98067632853,-73.73952809283519,40.70901313241061,01 One Family Dwellings                    ,221-26 106Th   Avenue,Queens,Queens Village
173,11432,0.9616613418530351,7.31629392971246,8.281150159744408,2808.6581469648563,1504.5015974440894,1945.8785942492013,1.4600638977635783,639060.7891373802,-73.79367936296866,40.714971356822225,01 One Family Dwellings                    ,178-36 Wexford Terrace,Queens,Jamaica
174,11433,1.471571906354515,0.026755852842809364,1.4983277591973243,2766.792642140468,1519.3444816053511,1939.3076923076924,1.0267558528428093,429287.3076923077,-73.78689414712301,40.69724995656232,01 One Family Dwellings                    ,111-30 159Th Street,Queens,South Jamaica
175,11434,1.299618320610687,0.08969465648854962,1.3893129770992367,3285.6832061068703,1594.0095419847328,1942.0248091603053,1.0706106870229009,449567.2633587786,-73.779485466388,40.67731384279325,01 One Family Dwellings                    ,160-49 122Nd   Avenue,Queens,Springfield Gardens
176,11435,0.9201183431952663,0.08875739644970414,1.0059171597633136,1661.7514792899408,1037.9260355029585,1945.9408284023668,1.5769230769230769,421468.39644970413,-73.80841501242983,40.699611878308815,10 Coops - Elevator Apartments             ,"85-15 Main Street, Condo",Queens,Briarwood
177,11436,1.3504273504273505,0.029914529914529916,1.3803418803418803,2717.491452991453,1309.6538461538462,1934.08547008547,1.017094017094017,408172.4786324786,-73.79621799910538,40.67661474891146,01 One Family Dwellings                    ,120-60 144Th   Street,Queens,So. Jamaica-Baisley Park
178,11691,1.6777777777777778,0.05185185185185185,1.7296296296296296,4140.970370370371,2377.651851851852,1957.2703703703703,1.1814814814814816,484271.4074074074,-73.75780824929743,40.60154202841434,02 Two Family Dwellings                    ,10-11 Nameoke Street,Queens,Far Rockaway
179,11692,1.8425925925925926,0.009259259259259259,1.8518518518518519,3096.314814814815,2142.8518518518517,1970.2407407407406,1.037037037037037,434829.22222222225,-73.79674394867818,40.59385014602002,02 Two Family Dwellings                    ,69-40 Almeda Avenue,Queens,Arverne
180,11693,1.1919191919191918,0.1111111111111111,1.303030303030303,2488.959595959596,1240.6060606060605,1949.5252525252524,1.3333333333333333,415212.0707070707,-73.81785950713689,40.59865552868916,01 One Family Dwellings                    ,260 Beach 81 Street,Queens,Hammels
181,11694,1.4337349397590362,0.08433734939759036,1.5180722891566265,3324.843373493976,1626.012048192771,1949.7048192771085,1.3493975903614457,660573.9819277108,-73.84673104881743,40.57741976779515,01 One Family Dwellings                    ,136 Beach 117 Street,Queens,Belle Harbor
